mut1,mut2
WT, 
G113C,
C209G,
G113C,C209G
G114C,
C208G,
G114C,C208G
T109A,
A214T,
T109A,A214T
G110C,
C213G,
G110C,C213G
C111G,
G212C,
C111G,G212C
G112C,
C211G,
G112C,C211G
C265G,
G345C,
C265G,G345C
C266G,
G344C,
C266G,G344C
A267T,
T343A,
A267T,T343A
A268T,
T342A,
A268T,T342A
C269G,
G341C,
C269G,G341C
C270G,
G340C,
C270G,G340C
G262C,
C348G,
G262C,C348G
A263T,
T347A,
A263T,T347A
A106T,
T289A,
A106T,T289A
A107T,
T288A,
A107T,T288A
T108A,
A287T,
T108A,A287T
A286T,
T109A,A286T
T285G,
G110C,T285G
G284C,
C111G,G284C
T283G,
G112C,T283G
T282G,
G113C,T282G
C281G,
G114C,C281G
A115T,
T280A,
A115T,T280A
A116T,
T279A,
A116T,T279A
C327G,
C327G,G344C
A328T,
A328T,T343A
A329T,
A329T,T342A
C330G,
C330G,G341C
T331G,
T331G,G340C
T332A,
A339T,
T332A,A339T
T321A,
A349T,
T321A,A349T
G322C,
G332C,C348G
A323T,
A323T,T347A